reference,cluster
DRN-4753846,9
DRN-5116544,2
DRN-4615912,9
DRN-4781568,9
DRN-5051261,6
DRN-4572614,9
DRN-5076133,7
DRN-4691326,10
DRN-4664276,3
DRN-4587161,9
DRN-4879431,8
DRN-5114990,11
DRN-4910346,2
DRN-4945152,2
DRN-5075438,3
DRN-5070077,9
DRN-4545127,7
DRN-4808766,9
DRN-4778345,6
DRN-4776187,6
DRN-4577848,1
DRN-5054624,0
DRN-5115912,0
DRN-4898799,0
DRN-5085314,11
DRN-5065451,8
DRN-5033425,7
DRN-4903360,9
DRN-5114438,2
DRN-5116844,6
DRN-4874954,5
DRN-5085244,9
DRN-5116720,1
DRN-5113995,8
DRN-5036495,9
DRN-5067988,2
DRN-5116632,4
DRN-5021326,9
DRN-4615586,2
DRN-5085795,10
DRN-5116619,4
DRN-5087432,1
DRN-4952201,9
DRN-4938071,9
DRN-4724542,9
DRN-5099906,1
DRN-5043623,10
DRN-5064643,8
DRN-5039090,10
DRN-5018616,7
DRN-4755247,6
DRN-5114032,9
DRN-4985497,2
DRN-4831634,9
DRN-4973418,9
DRN-4793723,3
DRN-5077897,2
DRN-4770921,9
DRN-4978880,2
DRN-5049550,8
DRN-4778782,10
DRN-5090233,10
DRN-5117172,0
DRN-4898130,8
DRN-4922225,10
DRN-5080793,6
DRN-5088232,5
DRN-4944645,4
DRN-5034554,9
DRN-5117353,10
DRN-4589583,6
DRN-4536302,2
DRN-5117701,9
DRN-5117001,10
DRN-5117061,2
DRN-5117611,1
DRN-5117620,1
DRN-5111406,9
DRN-4910770,9
DRN-4959839,2
DRN-5039620,5
DRN-5100909,10
DRN-4889860,8
DRN-5118486,11
DRN-5121706,6
DRN-5085330,5
DRN-5231005,1
DRN-5120176,8
DRN-5028737,0
DRN-5043022,9
DRN-5138466,8
DRN-5138526,2
DRN-5151179,11
DRN-5232695,9
DRN-5160781,7
DRN-4794718,9
DRN-4813674,4
DRN-5220558,2
DRN-5192468,8
DRN-5085151,4
DRN-4990662,9
DRN-5207678,9
DRN-5190687,0
DRN-4956953,9
DRN-5092357,10
DRN-5168589,10
DRN-5183037,0
DRN-4817267,9
DRN-5225325,7
DRN-5127199,9
DRN-4831317,10
DRN-5146042,5
DRN-5189817,11
DRN-5019967,5
DRN-5118669,6
DRN-5108784,9
DRN-5191811,0
DRN-5178516,10
DRN-5172130,10
DRN-5233477,6
DRN-5105248,9
DRN-5233272,10
DRN-5171463,10
DRN-5164606,9
DRN-5092106,10
DRN-5233742,1
DRN-4964404,6
DRN-4770975,9
DRN-5197376,8
DRN-4989620,3
DRN-4963416,9
DRN-4602966,9
DRN-4912916,11
DRN-5235513,11
DRN-5230603,10
DRN-5075493,9
DRN-5223814,10
DRN-5105932,6
DRN-5107553,10
DRN-5235503,2
DRN-5084154,9
DRN-5206274,11
DRN-5072147,6
DRN-5036311,5
DRN-5207172,1
DRN-5085527,10
DRN-5168805,9
DRN-5174016,9
DRN-5105373,10
DRN-5118593,6
DRN-5216842,2
DRN-5233544,5
DRN-5179665,9
DRN-5215431,2
DRN-4962128,9
DRN-5234721,2
DRN-5193078,11
DRN-5234850,9
DRN-5096370,10
DRN-5057345,10
DRN-4901660,9
DRN-5313624,2
DRN-5362032,9
DRN-5361538,9
DRN-5132550,7
DRN-5318863,10
DRN-5331669,11
DRN-5333418,9
DRN-5355414,9
DRN-5244315,9
DRN-5282812,5
DRN-5302767,0
DRN-4970074,5
DRN-5363096,3
DRN-5301272,11
DRN-5242644,7
DRN-5363151,6
DRN-5307872,11
DRN-5112278,9
DRN-5347133,9
DRN-5363317,10
DRN-5344001,7
DRN-5324393,0
DRN-5337602,9
DRN-5362708,9
DRN-5267266,10
DRN-5350360,10
DRN-5299541,2
DRN-5341352,11
DRN-5351434,9
DRN-5344693,9
DRN-4876091,4
DRN-4570999,6
DRN-4830549,4
DRN-5136872,7
DRN-5362285,10
DRN-5224056,10
DRN-5332530,6
DRN-5363322,8
DRN-5294512,11
DRN-5299674,9
DRN-5339661,7
DRN-5228469,6
DRN-4974299,7
DRN-5294000,0
DRN-5364537,2
DRN-5147429,0
DRN-5364732,7
DRN-5236535,5
DRN-5364499,9
DRN-4911856,3
DRN-5257532,10
DRN-5364937,9
DRN-5167835,9
DRN-5305359,9
DRN-4786892,6
DRN-4950259,4
DRN-5340985,2
DRN-5233946,9
DRN-4915372,2
DRN-5150479,6
DRN-5173729,9
DRN-5017352,9
DRN-5363484,6
DRN-5089692,9
DRN-5218379,9
DRN-5363475,3
DRN-5288692,10
DRN-5094819,7
DRN-5245782,6
DRN-4865831,9
DRN-5364091,10
DRN-5102262,8
DRN-5309217,9
DRN-5125498,10
DRN-4922587,6
DRN-5305361,0
DRN-5313819,10
DRN-5025298,2
DRN-5245823,8
DRN-5506523,0
DRN-5504085,10
DRN-5502907,9
DRN-5463811,9
DRN-5476675,9
DRN-5336308,5
DRN-5507652,9
DRN-4871878,9
DRN-5424549,9
DRN-5497665,5
DRN-5521507,2
DRN-5124815,8
DRN-5056229,7
DRN-5510186,3
DRN-5452374,9
DRN-5520870,0
DRN-5521609,9
DRN-5465697,9
DRN-5520812,11
DRN-5320885,1
DRN-5521427,9
DRN-5454538,11
DRN-5456187,10
DRN-5241840,5
DRN-5343310,9
DRN-5488483,11
DRN-4885750,7
DRN-5516916,5
DRN-5335973,2
DRN-5505742,9
DRN-5131809,5
DRN-5507989,0
DRN-5490737,9
DRN-5499508,9
DRN-5181966,9
DRN-5521087,1
DRN-5366288,9
DRN-5372354,9
DRN-5359802,10
DRN-5447241,11
DRN-5163615,9
DRN-5458353,2
DRN-5523784,5
DRN-5488389,0
DRN-5519488,10
DRN-5495599,9
DRN-5521992,9
DRN-5497023,10
DRN-5374966,9
DRN-5497426,9
DRN-5501781,2
DRN-5232778,2
DRN-5450288,9
DRN-5334952,9
DRN-5321727,3
DRN-5155309,3
DRN-5304668,10
DRN-4873719,7
DRN-5421688,0
DRN-5089061,9
DRN-5437843,9
DRN-5485748,10
DRN-5485700,10
DRN-5497922,10
DRN-5442568,0
DRN-5229148,9
DRN-5046152,9
DRN-5515840,11
DRN-5503326,1
DRN-5346931,9
DRN-4923668,7
DRN-5518529,3
DRN-5521302,2
DRN-5493802,10
DRN-5015124,6
DRN-5514186,3
DRN-5081122,2
DRN-5113908,9
DRN-5015125,6
DRN-5378702,3
DRN-5627695,9
DRN-5625122,9
DRN-5596745,11
DRN-5558552,9
DRN-5597563,9
DRN-5510350,7
DRN-5628703,0
DRN-5638545,9
DRN-5515702,8
DRN-5627684,9
DRN-5463917,9
DRN-5172988,9
DRN-5368375,9
DRN-5099884,6
DRN-5581813,11
DRN-5657544,9
DRN-5259533,6
DRN-5221522,6
DRN-5655807,2
DRN-5647532,7
DRN-5656339,9
DRN-5412095,0
DRN-4912144,9
DRN-5630628,9
DRN-5655716,11
DRN-5271684,7
DRN-5141808,9
DRN-5373358,9
DRN-5177655,7
DRN-5647514,7
DRN-5154220,7
DRN-5072350,5
DRN-5198710,6
DRN-5470394,9
DRN-5349460,9
DRN-5656099,10
DRN-5656434,0
DRN-5242676,6
DRN-5195555,7
DRN-5655866,2
DRN-5469571,0
DRN-5318290,0
DRN-5653962,3
DRN-5570430,2
DRN-5350630,11
DRN-5552900,10
DRN-5657707,11
DRN-5624054,9
DRN-5548839,10
DRN-5578835,9
DRN-5465649,9
DRN-5588800,10
DRN-5216527,7
DRN-5263030,9
DRN-5255655,2
DRN-5159074,10
DRN-4966044,8
DRN-5642557,9
DRN-5332250,7
DRN-5574649,6
DRN-5501090,5
DRN-5603795,9
DRN-5441425,9
DRN-5307680,5
DRN-5392301,9
DRN-5502705,9
DRN-5657796,5
DRN-5601340,2
DRN-5486269,9
DRN-5601277,7
DRN-5277879,5
DRN-5545969,10
DRN-5452535,5
DRN-5498355,3
DRN-5657705,9
DRN-5546487,10
DRN-5293576,5
DRN-4944465,6
DRN-5038739,9
DRN-5133751,7
DRN-5191567,7
DRN-5565341,7
DRN-5783065,9
DRN-5778290,9
DRN-5757067,9
DRN-5677203,9
DRN-5754706,11
DRN-5571519,10
DRN-5030456,7
DRN-5784283,7
DRN-5775299,10
DRN-5696685,9
DRN-5784441,9
DRN-5330394,7
DRN-5784446,10
DRN-5234178,10
DRN-5623558,7
DRN-5243135,7
DRN-5573125,0
DRN-5234358,8
DRN-5447011,6
DRN-5663643,9
DRN-5503495,3
DRN-5294401,7
DRN-5574660,0
DRN-5379552,7
DRN-5379415,7
DRN-5520526,3
DRN-5390965,2
DRN-5732469,9
DRN-5553994,9
DRN-5640338,2
DRN-5783477,2
DRN-5783501,7
DRN-5601402,2
DRN-5617275,9
DRN-5783475,5
DRN-5769662,0
DRN-5150594,7
DRN-5721640,0
DRN-5634901,6
DRN-5785219,10
DRN-5241499,6
DRN-5627712,0
DRN-5785042,2
DRN-5275616,6
DRN-5599405,6
DRN-5623561,7
DRN-5507208,7
DRN-5667173,0
DRN-5717637,9
DRN-5457436,9
DRN-5230253,6
DRN-5623647,2
DRN-5657484,10
DRN-5493334,9
DRN-5319509,7
DRN-5784764,7
DRN-5732691,9
DRN-5141063,6
DRN-5544736,6
DRN-5784706,9
DRN-5659085,6
DRN-5586312,2
DRN-5243408,4
DRN-5459577,9
DRN-5592149,9
DRN-5782461,3
DRN-5657103,9
DRN-5670846,9
DRN-5785014,4
DRN-5462831,9
DRN-5724164,9
DRN-5785053,4
DRN-5737853,11
DRN-5754231,10
DRN-5748693,2
DRN-5762470,10
DRN-5749799,10
DRN-5785682,6
DRN-5801691,6
DRN-5629077,9
DRN-5634856,9
DRN-5650522,7
DRN-5682081,3
DRN-5867826,9
DRN-5698135,9
DRN-5539629,7
DRN-5896204,11
DRN-5869164,7
DRN-5914704,1
DRN-5826244,2
DRN-5801698,6
DRN-5918551,6
DRN-5726827,7
DRN-5651279,6
DRN-5918737,9
DRN-5908185,9
DRN-5909884,9
DRN-5755443,9
DRN-5685164,7
DRN-5832739,9
DRN-5910188,9
DRN-5886065,7
DRN-5807961,9
DRN-5866622,9
DRN-5486298,7
DRN-5469894,7
DRN-5482577,4
DRN-5840521,4
DRN-5763847,7
DRN-5806635,9
DRN-5907985,3
DRN-5684081,4
DRN-5684099,4
DRN-5921118,9
DRN-5912117,9
DRN-5921245,10
DRN-5918275,9
DRN-5921243,7
DRN-5542720,7
DRN-5918254,9
DRN-5899182,6
DRN-4815815,1
DRN-5778092,10
DRN-5911844,2
DRN-5916820,9
DRN-5297587,7
DRN-5875953,0
DRN-5919076,9
DRN-5757272,11
DRN-5919110,9
DRN-5915628,9
DRN-5862595,2
DRN-5920755,7
DRN-5808058,10
DRN-5220967,4
DRN-5886318,2
DRN-5711537,10
DRN-5919662,7
DRN-5920217,9
DRN-5785941,10
DRN-5699764,9
DRN-5908974,9
DRN-5867997,10
DRN-5846989,10
DRN-5860852,9
DRN-5875038,3
DRN-5002035,4
DRN-5907420,5
DRN-5749988,7
DRN-5776639,5
DRN-5794351,7
DRN-5817196,4
DRN-5919878,9
DRN-5865316,3
DRN-5776340,10
DRN-5868042,3
DRN-5371522,9
DRN-5822630,11
DRN-6021616,7
DRN-5978688,1
DRN-5938171,2
DRN-6030877,9
DRN-5803846,9
DRN-6041089,11
DRN-5785109,10
DRN-6016916,9
DRN-5962926,3
DRN-4625221,1
DRN-5314637,7
DRN-5970505,8
DRN-6028382,8
DRN-5936330,7
DRN-5762212,9
DRN-5951301,1
DRN-5950631,1
DRN-5976762,9
DRN-5996826,10
DRN-5906888,7
DRN-5849422,2
DRN-5851863,3
DRN-5863106,2
DRN-5912511,0
DRN-6033459,2
DRN-5689802,6
DRN-5768061,3
DRN-6004495,9
DRN-5947827,7
DRN-5947840,7
DRN-5636829,8
DRN-6006426,9
DRN-5993262,1
DRN-6002120,9
DRN-5854039,7
DRN-5718823,7
DRN-5989602,10
DRN-5929498,10
DRN-6040429,9
DRN-5824599,10
DRN-6041749,10
DRN-5827354,9
DRN-5895632,9
DRN-5947595,7
DRN-5822166,7
DRN-5802519,8
DRN-6010974,3
DRN-5631894,9
DRN-6050220,11
DRN-6048916,3
DRN-5752487,9
DRN-6050367,10
DRN-5802686,9
DRN-5656022,9
DRN-5950417,1
DRN-5882908,8
DRN-6001257,2
DRN-5944687,10
DRN-5697595,7
DRN-5806629,9
DRN-5765308,5
DRN-6026729,2
DRN-6015393,9
DRN-5862580,1
DRN-6018121,9
DRN-5421628,7
DRN-6040801,9
DRN-5847048,6
DRN-5929912,9
DRN-6049597,7
DRN-6021074,9
DRN-6010055,9
DRN-6034284,2
DRN-6044728,9
DRN-6049685,1
DRN-5861505,10
DRN-5990418,3
DRN-5961661,9
DRN-6049294,1
DRN-6049009,7
DRN-4578200,1
DRN-6000053,11
DRN-6186576,9
DRN-6025467,1
DRN-6160946,9
DRN-6069527,2
DRN-6014188,9
DRN-6053114,11
DRN-6187020,1
DRN-6032545,1
DRN-5987286,9
DRN-5762153,1
DRN-5802518,4
DRN-6186332,3
DRN-5995779,10
DRN-5899804,9
DRN-6185853,10
DRN-6186326,9
DRN-6112877,9
DRN-5739981,9
DRN-6186434,10
DRN-6034872,2
DRN-6161740,0
DRN-6174833,10
DRN-5996689,2
DRN-6018205,2
DRN-5668029,7
DRN-6123729,9
DRN-5668160,6
DRN-5956552,9
DRN-5969531,10
DRN-5987244,10
DRN-6063337,9
DRN-5734493,6
DRN-5987231,10
DRN-6121328,1
DRN-6186205,1
DRN-6186968,1
DRN-5843403,5
DRN-6186936,9
DRN-6058619,3
DRN-6177304,9
DRN-5790785,9
DRN-6188326,9
DRN-6117878,0
DRN-5858972,0
DRN-6161942,9
DRN-5719687,8
DRN-6096286,9
DRN-6061177,10
DRN-6027034,11
DRN-6110916,1
DRN-6148606,9
DRN-6166654,6
DRN-6122941,8
DRN-5944302,1
DRN-5908628,8
DRN-6065226,1
DRN-5999476,9
DRN-5855377,4
DRN-6151746,7
DRN-6187902,1
DRN-6188102,4
DRN-6045772,1
DRN-6018634,2
DRN-6098188,2
DRN-6069048,10
DRN-6186470,1
DRN-6187856,7
DRN-5979607,9
DRN-5918836,4
DRN-6026839,9
DRN-6187884,1
DRN-6026605,2
DRN-6188189,1
DRN-6105839,2
DRN-6049972,10
DRN-6181739,9
DRN-5907910,3
DRN-6077587,9
DRN-6123052,5
DRN-6033110,7
DRN-6295017,9
DRN-5996213,9
DRN-6174775,10
DRN-6277983,2
DRN-6188871,9
DRN-6311803,9
DRN-6260363,9
DRN-6154079,9
DRN-6323612,4
DRN-6017570,9
DRN-6288580,2
DRN-6248944,9
DRN-6276139,7
DRN-6273355,7
DRN-6222607,0
DRN-6205367,9
DRN-6063779,7
DRN-5919390,8
DRN-5863665,0
DRN-6114469,9
DRN-6276096,6
DRN-6038616,9
DRN-6240956,10
DRN-6296357,9
DRN-6308232,7
DRN-6264092,2
DRN-6148299,0
DRN-6307780,9
DRN-6328414,9
DRN-6272759,5
DRN-6171522,9
DRN-6281501,2
DRN-6072337,11
DRN-6144438,9
DRN-6308399,3
DRN-6327088,9
DRN-6328596,9
DRN-6290778,9
DRN-6196469,9
DRN-6203795,9
DRN-6218045,2
DRN-6330876,5
DRN-6268990,10
DRN-6269984,2
DRN-6281902,10
DRN-6279582,9
DRN-6156871,2
DRN-6256155,9
DRN-5723219,7
DRN-6046545,2
DRN-6331198,9
DRN-5924296,9
DRN-6324899,4
DRN-6318710,2
DRN-6275686,0
DRN-6243858,5
DRN-6257559,2
DRN-6318728,0
DRN-6275584,10
DRN-6195928,11
DRN-6207070,9
DRN-6160134,9
DRN-6040206,6
DRN-6220112,0
DRN-5882806,11
DRN-6169471,9
DRN-6207300,7
DRN-6116153,0
DRN-6144540,2
DRN-6290866,7
DRN-6242379,9
DRN-6328845,7
DRN-6325541,7
DRN-6297373,10
DRN-5277260,1
DRN-6313984,9
DRN-6318881,1
DRN-5654802,5
DRN-6462774,7
DRN-6442167,3
DRN-6207233,9
DRN-5954568,9
DRN-6381624,2
DRN-6221596,2
DRN-6265816,5
DRN-6402978,9
DRN-6228786,10
DRN-6462083,10
DRN-6405803,5
DRN-6268082,9
DRN-6331232,10
DRN-6189122,9
DRN-6419007,7
DRN-6443998,9
DRN-6320744,6
DRN-6462185,8
DRN-6459495,1
DRN-6463917,9
DRN-6107167,8
DRN-6137588,2
DRN-6382309,3
DRN-6463548,9
DRN-6463282,2
DRN-5754851,9
DRN-6273503,9
DRN-6444530,5
DRN-6443354,5
DRN-6304372,11
DRN-6341773,9
DRN-6331669,9
DRN-6445261,0
DRN-6451328,9
DRN-6459134,5
DRN-6131647,9
DRN-5912682,11
DRN-6355588,9
DRN-6453668,0
DRN-6352060,9
DRN-6020113,9
DRN-6414029,10
DRN-6401481,2
DRN-6459387,1
DRN-6464356,9
DRN-6461535,1
DRN-6464939,1
DRN-6249500,0
DRN-6463536,1
DRN-6311553,5
DRN-6320476,9
DRN-6402272,2
DRN-6403676,0
DRN-6456330,9
DRN-6447520,9
DRN-6465194,1
DRN-6465120,1
DRN-6411929,9
DRN-6273895,8
DRN-6295043,3
DRN-6282172,9
DRN-6220140,9
DRN-6436477,10
DRN-6317088,9
DRN-6320752,6
DRN-6462636,2
DRN-6323461,0
DRN-6410012,5
DRN-6294768,9
DRN-5972648,9
DRN-6268261,6
DRN-6252530,7
DRN-6370365,7
DRN-6464787,10
DRN-6464824,7
DRN-6022238,9
DRN-5870543,1
DRN-6459541,10
DRN-6257529,9
DRN-6320883,7
DRN-6471964,10
DRN-6546364,2
DRN-6444840,10
DRN-6543519,0
DRN-6509861,2
DRN-6512515,9
DRN-6550061,7
DRN-6547065,3
DRN-6546691,10
DRN-6478756,10
DRN-6468539,9
DRN-6413513,11
DRN-6312020,10
DRN-6512763,9
DRN-6362095,9
DRN-6546653,7
DRN-6382118,10
DRN-6500712,10
DRN-6391456,10
DRN-6531319,0
DRN-6416233,11
DRN-6546229,10
DRN-6103837,9
DRN-6395099,9
DRN-6547002,9
DRN-6391658,9
DRN-6550220,7
DRN-6518228,4
DRN-6456471,9
DRN-6143824,9
DRN-6277316,2
DRN-6130392,9
DRN-6512818,9
DRN-6418117,10
DRN-6517418,9
DRN-6192524,9
DRN-6546075,9
DRN-6546702,7
DRN-6546994,9
DRN-6520134,9
DRN-6549778,1
DRN-6537562,0
DRN-6398335,9
DRN-6517449,7
DRN-6506580,10
DRN-6262046,9
DRN-6363251,5
DRN-6477287,0
DRN-6537468,5
DRN-6416323,3
DRN-6238755,10
DRN-6433209,9
DRN-6529777,2
DRN-6533554,3
DRN-6547494,2
DRN-6448010,9
DRN-6395640,10
DRN-6232840,2
DRN-6488528,2
DRN-6312040,5
DRN-6473408,10
DRN-6380093,10
DRN-6362279,10
DRN-6518838,9
DRN-6525370,9
DRN-6227774,9
DRN-6431538,2
DRN-6270550,5
DRN-6482651,11
DRN-6321202,9
DRN-6370035,3
DRN-6354274,10
DRN-6375242,10
DRN-6287177,2
DRN-6476839,9
DRN-6322437,9
DRN-6445649,9
DRN-6549254,2
DRN-6549688,5
DRN-6479777,9
